Time,Type,Host,Info
1717082107,system call,ST24-401A,"234003,234003,11"
1717082108,system call,ST24-401A,"234003,234003,12"
1717082109,system call,ST24-401A,"234003,234003,13"
1717082110,system call,ST24-401A,"234003,234003,14"
1717082111,system call,ST24-401A,"234003,234003,15"
1717082112,system call,ST24-401A,"234003,234003,16"
1717082113,system call,ST24-401A,"234003,234003,17"
1717082114,system call,ST24-401A,"234003,234003,18"
1717082115,system call,ST24-401A,"234003,234003,19"
1717082116,system call,ST24-401A,"234003,234003,20"
1717082117,system call,ST24-401A,"234003,234003,21"
1717082118,system call,ST24-401A,"234003,234003,22"
1717082119,system call,ST24-401A,"234003,234003,23"
1717082120,system call,ST24-401A,"234003,234003,24"
1717082121,system call,ST24-401A,"234003,234003,25"
1717082122,system call,ST24-401A,"234003,234003,26"
1717082123,system call,ST24-401A,"234003,234003,27"
1717082124,system call,ST24-401A,"234003,234003,28"
1717082125,system call,ST24-401A,"234003,234003,29"
1717082126,system call,ST24-401A,"234003,234003,30"
1717082127,system call,ST24-401A,"234003,234003,31"
1717082128,system call,ST24-401A,"234003,234003,32"
1717082129,system call,ST24-401A,"234003,234003,33"
1717082130,system call,ST24-401A,"234003,234003,34"
1717082131,system call,ST24-401A,"234003,234003,35"
1717082132,system call,ST24-401A,"234003,234003,36"
1717082133,system call,ST24-401A,"234003,234003,37"
1717082134,system call,ST24-401A,"234003,234003,38"
1717082135,system call,ST24-401A,"234003,234003,39"
1717082136,system call,ST24-401A,"234003,234003,40"
1717082137,system call,ST24-401A,"234003,234003,41"
1717082138,system call,ST24-401A,"234003,234003,42"
1717082139,system call,ST24-401A,"234003,234003,43"
1717082140,system call,ST24-401A,"234003,234003,44"
1717082141,system call,ST24-401A,"234003,234003,45"
1717082142,system call,ST24-401A,"234003,234003,46"
1717082143,system call,ST24-401A,"234003,234003,47"
1717082144,system call,ST24-401A,"234003,234003,48"
